{
    "frequencies": [
        0.0,
        0.390625,
        0.78125,
        1.171875,
        1.5625,
        1.953125,
        2.34375,
        2.734375,
        3.125,
        3.515625,
        3.90625,
        4.296875,
        4.6875,
        5.078125,
        5.46875,
        5.859375,
        6.25,
        6.640625,
        7.03125,
        7.421875,
        7.8125,
        8.203125,
        8.59375,
        8.984375,
        9.375,
        9.765625,
        10.15625,
        10.546875,
        10.9375,
        11.328125,
        11.71875,
        12.109375,
        12.5,
        12.890625,
        13.28125,
        13.671875,
        14.0625,
        14.453125,
        14.84375,
        15.234375,
        15.625,
        16.015625,
        16.40625,
        16.796875,
        17.1875,
        17.578125,
        17.96875,
        18.359375,
        18.75,
        19.140625,
        19.53125,
        19.921875,
        20.3125,
        20.703125,
        21.09375,
        21.484375,
        21.875,
        22.265625,
        22.65625,
        23.046875,
        23.4375,
        23.828125,
        24.21875,
        24.609375,
        25.0,
        25.390625,
        25.78125,
        26.171875,
        26.5625,
        26.953125,
        27.34375,
        27.734375,
        28.125,
        28.515625,
        28.90625,
        29.296875,
        29.6875,
        30.078125,
        30.46875,
        30.859375,
        31.25,
        31.640625,
        32.03125,
        32.421875,
        32.8125,
        33.203125,
        33.59375,
        33.984375,
        34.375,
        34.765625,
        35.15625,
        35.546875,
        35.9375,
        36.328125,
        36.71875,
        37.109375,
        37.5,
        37.890625,
        38.28125,
        38.671875,
        39.0625,
        39.453125,
        39.84375,
        40.234375,
        40.625,
        41.015625,
        41.40625,
        41.796875,
        42.1875,
        42.578125,
        42.96875,
        43.359375,
        43.75,
        44.140625,
        44.53125,
        44.921875,
        45.3125,
        45.703125,
        46.09375,
        46.484375,
        46.875,
        47.265625,
        47.65625,
        48.046875,
        48.4375,
        48.828125,
        49.21875,
        49.609375,
        50.0
    ],
    "x_data": [
        0.992515775253365,
        0.4960441196652358,
        0.0016189260115378216,
        0.001300139680332531,
        0.0007825055682685585,
        0.0009139550759293409,
        0.0006757213048736275,
        0.0007837816600665858,
        0.0010016587421327497,
        0.0013249869362893614,
        0.0025885247850503325,
        0.002927895710270202,
        0.0015646273293839377,
        0.0012165130212620223,
        0.0011868560193771516,
        0.000994866742411296,
        0.0011521650968316544,
        0.0013159817907009905,
        0.0017002116953604403,
        0.0018881845483155221,
        0.0012924414264457026,
        0.0013313770918675595,
        0.0011735621631207636,
        0.001003228452155274,
        0.000860375221919705,
        0.0007236169905344053,
        0.0006316875829387319,
        0.0008596622915357096,
        0.0008148305677970577,
        0.0012158121403298514,
        0.0016448858497050299,
        0.0015645546219353944,
        0.0012444135249254197,
        0.0009415568181204767,
        0.0009786380823034362,
        0.0010920929606230755,
        0.0008556040247355659,
        0.000919596982095155,
        0.0014287094532311384,
        0.0014667981197554233,
        0.001040433249034038,
        0.0008513471224516632,
        0.0008158587706111487,
        0.0007619777023492337,
        0.0008158528054709786,
        0.0006489869949422212,
        0.0009462977808307984,
        0.0010573852296565918,
        0.0012225374708505945,
        0.0014052553131687975,
        0.0012311773127039658,
        0.0008217939617865411,
        0.0008078952799931413,
        0.0008175291169440284,
        0.0006607191052244685,
        0.0006745678948513378,
        0.0009475708267135494,
        0.0011426429978957581,
        0.0010157902542168513,
        0.0010480398709744293,
        0.0012188540994665434,
        0.0015517274455789417,
        0.0011072256359838648,
        0.0009461126065102898,
        0.0009927702187883184,
        0.0010522470971527896,
        0.001250249398133428,
        0.0013031090403305516,
        0.00158157855260746,
        0.0019688766826073865,
        0.0018388711412265853,
        0.0014076481204297,
        0.0011817568729069361,
        0.0013085357739548718,
        0.0014569151650004027,
        0.0018700655368826464,
        0.001794863477915743,
        0.0019070218949619772,
        0.004583414067615646,
        0.003725184519584234,
        0.0036746217778838453,
        0.003939160784075229,
        0.003029235377115612,
        0.0022527982363164086,
        0.0018896338099708327,
        0.0018938682317272946,
        0.0024300742916984817,
        0.002880593060539062,
        0.003323475673816642,
        0.0041903699788065525,
        0.0027759235295714392,
        0.0020295197419247526,
        0.0019056748401396172,
        0.0015903153431966936,
        0.0015468073065987148,
        0.002059746827740358,
        0.0014189980561404136,
        0.001467072662346441,
        0.0011675507482080984,
        0.0015578306778572203,
        0.0015394678540233968,
        0.0012589473368727355,
        0.0013892285128502058,
        0.00154923494208277,
        0.0015391578381825912,
        0.0012447063483907227,
        0.0014957018443120132,
        0.0017939690808652744,
        0.0016757365297036294,
        0.0014534621420612286,
        0.0015951691612354163,
        0.0011895803462044247,
        0.00119417848898053,
        0.0009981619113466696,
        0.0008083948224189544,
        0.0010646624656085227,
        0.001159034297301508,
        0.0012944622620310764,
        0.0014724734475077665,
        0.001518727529198283,
        0.0012024655959227324,
        0.0011969859263984812,
        0.0010303478426787027,
        0.0008526085215039204,
        0.0010176251809813064,
        0.000896352625869375,
        0.0010542632001574522,
        0.001204337146424257,
        0.0007899231620531189
    ],